data,abertura,maxima,minima,fechamento,volume
2024-05-24,124731,125257,124259,124306,9211500
2024-05-27,124297,124535,124081,124496,4327600
2024-05-28,124498,125392,123537,123780,9179800
2024-05-29,123780,123780,122458,122707,8257700
2024-05-31,122704,122837,121929,122098,15918600
2024-06-03,122100,122495,121496,122032,8428100
2024-06-04,122032,122032,120878,121802,8529300
2024-06-05,121803,122170,121253,121407,8768700
2024-06-06,121408,123246,121377,122899,8404200
2024-06-07,122899,122899,120679,120767,9801200
2024-06-10,120769,121421,120540,120760,6568400
2024-06-11,120760,121759,120757,121635,7477000
2024-06-12,121644,122483,119544,119936,11278800
2024-06-13,119936,120222,119171,119568,8543000
2024-06-14,119558,120214,118828,119662,7847600
2024-06-17,119663,119663,118685,119138,7380600
2024-06-18,119138,120109,118872,119630,8100100
2024-06-19,119630,120383,118960,120261,5646300
2024-06-20,120267,121607,120156,120446,8659500
2024-06-21,120446,121580,120061,121341,12906900
2024-06-24,121343,122840,121307,122637,7836100
2024-06-25,122804,122849,121997,122331,6942900
2024-06-26,122331,122701,121402,122641,8178800
2024-06-27,122642,124308,122642,124308,8707300
2024-06-28,124308,124500,123298,123907,9070800
2024-07-01,123905,125220,123735,124718,0
2024-07-02,124720,125491,124310,124787,8368000
2024-07-03,124787,126581,124787,125662,8534200
2024-07-04,125666,126660,125666,126164,6535700
2024-07-05,126165,126662,125556,126267,8085600
2024-07-08,126280,126551,125614,126548,7430300
2024-07-09,126548,127295,125937,127108,6684600
2024-07-10,127109,127769,126928,127218,8152600
2024-07-11,127221,128326,127221,128294,7972900
2024-07-12,128293,129015,128002,128897,7206600
2024-07-15,128898,129485,128723,129321,5826900
2024-07-16,129322,129521,128761,129110,6818900
2024-07-17,129112,129658,128741,129450,6672400
2024-07-18,129450,129454,127523,127652,7591500
2024-07-19,127652,128360,127413,127616,7620400
2024-07-22,127616,128151,127456,127860,6098200
2024-07-23,127860,127860,126530,126590,7022900
2024-07-24,126596,126823,126218,126423,7304800
2024-07-25,126423,126423,125626,125954,7134100
2024-07-26,125964,127700,125953,127492,8272000
2024-07-29,127492,127657,126606,126954,7075400
2024-07-30,126951,126951,125973,126139,6848600
2024-07-31,126139,127853,126139,127652,9471900
2024-08-01,127652,128762,127150,127395,9814200
2024-08-02,127395,128104,125731,125854,9950900
2024-08-05,125851,125851,123073,125270,10886100
2024-08-06,125270,126966,125261,126267,10052600
2024-08-07,126268,127517,126268,127514,8837900
2024-08-08,127515,128793,127515,128661,8624000
2024-08-09,128662,130631,128662,130615,11324800
2024-08-12,130615,131662,130615,131116,8601600
2024-08-13,131115,132430,131115,132398,9798900
2024-08-14,132398,133777,132112,133318,12158400
2024-08-15,133319,134575,133319,134153,10534800
2024-08-16,134154,134781,133852,133953,10871900
2024-08-19,133953,136179,133953,135778,11281500
2024-08-20,135779,136330,135312,136087,8106800
2024-08-21,136088,137040,136086,136464,9572200
2024-08-22,136462,136462,134836,135173,8050200
2024-08-23,135174,136478,135174,135608,8649400
2024-08-26,135608,137013,135596,136889,7560000
2024-08-27,136888,137213,136664,136776,6745900
2024-08-28,136776,137469,135746,137344,7457100
2024-08-29,137349,137370,135858,136041,8385100
2024-08-30,136041,136139,134910,136004,18397900
2024-09-02,136004,136004,134497,134981,3666100
2024-09-03,134907,135011,134171,134353,8802400
2024-09-04,134359,136838,134359,136111,9419500
2024-09-05,136112,136656,135959,136502,7528700
2024-09-06,136508,136653,134476,134572,7563300
2024-09-09,134574,135250,134399,134737,6587600
2024-09-10,134738,134738,133754,134320,8253500
2024-09-11,134319,135087,133757,134677,7947300
2024-09-12,134677,134777,133591,134029,7004900
2024-09-13,134031,135879,134031,134882,8866000
2024-09-16,134885,135715,134870,135118,6707000
2024-09-17,135118,135118,134180,134960,7314500
2024-09-18,134960,135203,133748,133748,9792800
2024-09-19,133748,134759,133123,133123,9254500
2024-09-20,133121,133128,130907,131065,13605800
2024-09-23,131065,131065,130100,130568,9140800
2024-09-24,130570,133073,130570,132156,9367100
2024-09-25,132156,132982,131489,131586,10527200
2024-09-26,131595,133313,131594,133010,11618300
2024-09-27,133010,133923,132628,132730,9338900
2024-09-30,132761,133120,131816,131816,9131600
2024-10-01,131817,133405,131817,132495,9841100
2024-10-02,132495,134922,132495,133515,9398700
2024-10-03,133514,133514,131176,131672,9821200
2024-10-04,131672,131936,131156,131792,7054700
2024-10-07,131792,132943,131676,132018,7702100
2024-10-08,132016,132016,130371,131512,9093200
2024-10-09,131510,131520,129719,129962,9220400
2024-10-10,129963,130418,129835,130353,7617300
2024-10-11,130354,130354,129338,129992,7973300
2024-10-14,129992,131220,129729,131005,8502100
2024-10-15,131005,131457,130200,131043,7982900
2024-10-16,131045,132233,130780,131750,10282800
2024-10-17,131716,131716,129902,130793,7086000
2024-10-18,130793,131725,130121,130499,8683700
2024-10-21,130499,131124,130157,130362,7774900
2024-10-22,130346,130346,129094,129721,5522000
2024-10-23,129949,129949,128589,129233,7962200
2024-10-24,129233,130130,128798,130067,8310600
2024-10-25,130067,130529,129806,129893,8513300
2024-10-28,129894,131421,129894,131213,7135300
2024-10-29,131214,131765,130693,130730,7636400
2024-10-30,130730,131027,130473,130639,7327100
2024-10-31,130639,130798,129642,129713,9068100
2024-11-01,129718,129902,128070,128121,9897900
2024-11-04,128130,130609,128128,130515,9013500
2024-11-05,130515,130769,129692,130661,8556100
2024-11-06,130613,130670,128822,130341,10540900
2024-11-07,130341,131319,129406,129682,10520800
2024-11-08,129647,129647,126973,127830,13183200
2024-11-11,127829,128095,127306,127874,8395300
2024-11-12,127873,128210,127411,127698,9522100
2024-11-13,127698,128100,126869,127734,12692800
2024-11-14,127734,128423,127389,127792,13138300
2024-11-18,127791,128277,127226,127768,10742000
2024-11-19,127768,128579,127235,128197,9103600
2024-11-21,128197,128197,126594,126922,10271900
2024-11-22,126944,129126,126944,129126,9186200
2024-11-25,129125,129495,128932,129036,14411200
2024-11-26,129043,130361,129042,129922,9745200
2024-11-27,129923,130283,127669,127669,12318800
2024-11-28,127667,127668,124390,124610,12833100
2024-11-29,124611,126056,123946,125668,16398000
2024-12-02,125668,125901,124734,125236,11517200
2024-12-03,125235,126417,125233,126139,9990000
2024-12-04,126139,126720,125828,126087,9388600
2024-12-05,126088,127989,126087,127858,9530800
2024-12-06,127856,127872,125833,125946,11223300
2024-12-09,125946,127542,125946,127210,9367300
2024-12-10,127213,128511,127213,128228,9141300
2024-12-11,128228,130899,127362,129593,13170900
2024-12-12,129587,129587,125829,126042,13453200
2024-12-13,126102,126290,124578,124612,11762700
2024-12-16,124610,124956,123495,123560,11071100
2024-12-17,123560,125301,123560,124698,17561100
2024-12-18,124699,124699,120457,120772,19742800
2024-12-19,120768,121770,120768,121188,13682900
2024-12-20,121183,122209,120700,122102,18128200
2024-12-23,122105,122105,120617,120767,9953300
2024-12-26,120767,121612,120428,121078,8338500
2024-12-27,121078,121609,120252,120269,8937000
2024-12-30,120267,121050,120158,120283,8895300
2025-01-02,120283,120782,119120,120125,9373600
2025-01-03,120125,120356,118404,118533,9804400
2025-01-06,118534,120322,118534,120022,9685600
2025-01-07,120022,121713,120022,121163,11116400
2025-01-08,121160,121160,119351,119625,10230700
2025-01-09,119625,120145,119502,119781,6611500
2025-01-10,119781,120052,118732,118856,9255500
2025-01-13,118856,119729,118743,119007,8161500
2025-01-14,119007,119451,118223,119299,9349300
2025-01-15,119309,122988,119303,122650,11928800
2025-01-16,122649,122660,120796,121234,11312100
2025-01-17,121258,122674,121074,122350,10242300
2025-01-20,122349,123098,121511,122543,4185300
2025-01-21,122850,123462,122290,123338,7819600
2025-01-22,123345,123865,122926,122972,9975100
2025-01-23,122965,123958,122159,122483,9491400
2025-01-24,122483,122908,122196,122447,7777800
2025-01-27,122443,124862,122207,124862,11021500
2025-01-28,124861,124881,123973,124056,8313500
2025-01-29,124056,124767,123278,123432,7348500
2025-01-30,123433,127169,123432,126913,11688100
2025-01-31,126914,127532,126057,126135,10242600
2025-02-03,126135,126473,125566,125970,9548900
2025-02-04,125964,125964,124694,125147,9784500
2025-02-05,125146,125846,124637,125534,9957400
2025-02-06,125531,126399,125249,126225,10028600
2025-02-07,126219,126524,124320,124619,10952400
2025-02-10,124619,126386,124619,125572,8908600
2025-02-11,125571,126886,125570,126522,11242800
2025-02-12,126513,126513,124116,124380,14625100
2025-02-13,124372,124853,123778,124850,9048100
2025-02-14,124849,128482,124849,128219,12560100
2025-02-17,128229,129534,128229,128869,7032800
2025-02-18,128553,129294,128012,128532,10994100
2025-02-19,128528,128528,127028,127309,9295100
2025-02-20,127309,127871,127063,127601,10640300
2025-02-21,127601,127654,126483,127128,11093300
2025-02-24,127129,127275,125162,125401,10148900
2025-02-25,125401,126718,125382,125980,11078000
2025-02-26,125980,126563,124732,124769,11361800
2025-02-27,124768,125497,124352,124799,12554000
2025-02-28,124798,124916,122659,122799,24873800
2025-03-05,122799,123364,122747,123047,9604100
2025-03-06,123048,124112,122681,123358,10060600
2025-03-07,123357,125822,122530,125035,9975600
2025-03-10,125031,125031,123471,124519,9370800
2025-03-11,124519,124625,122636,123507,8810400
2025-03-12,123507,124048,122969,123864,8254800
2025-03-13,123863,125774,123590,125637,11259000
2025-03-14,125647,129194,125647,128957,14572600
2025-03-17,128959,131313,128957,130834,11063200
2025-03-18,130832,131834,130722,131475,10992400
2025-03-19,131476,132984,131451,132508,12204900
2025-03-20,132505,132713,131813,131955,14187500
2025-03-21,132005,132588,131776,132345,14192000
2025-03-24,132344,132424,130992,131321,8301200
2025-03-25,131327,133471,131325,132068,9237600
2025-03-26,132069,132984,132068,132520,9404600
2025-03-27,132522,133904,132479,133149,10016200
2025-03-28,133143,133143,131315,131902,8905500
2025-03-31,131900,131901,130115,130260,9994900
2025-04-01,130267,131982,130081,131147,8966100
2025-04-02,131151,131424,130393,131190,8819500
2025-04-03,131185,132552,130182,131141,12327500
2025-04-04,131139,131139,126466,127256,13176400
2025-04-07,127229,128411,123876,125588,14045900
2025-04-08,125588,127652,123454,123932,12814700
2025-04-09,123928,128649,122887,127796,16919800
2025-04-10,127796,127797,124895,126355,11456300
2025-04-11,126355,128386,126078,127682,10084200
2025-04-14,127683,129955,127683,129454,10608700
2025-04-15,129452,129927,128951,129245,8837800
2025-04-16,129245,129605,128149,128317,11540200
2025-04-17,128316,130091,127973,129650,9983400
2025-04-22,129650,130877,128726,130464,8605300
2025-04-23,130468,133318,130468,132216,11342700
2025-04-24,132245,134938,132223,134580,14113400
2025-04-25,134579,134992,134186,134739,13051800
2025-04-28,134741,135709,134711,135016,11449700
2025-04-29,135017,136150,134899,135093,12761100
2025-04-30,135094,135171,133955,135067,15452400
2025-05-02,135067,135275,134355,135134,12739100
2025-05-05,135131,135198,133390,133491,10796300
2025-05-06,133499,134135,133260,133516,11139700
2025-05-07,133517,134110,132872,133398,9938200
2025-05-08,133458,137635,133458,136232,17202900
2025-05-09,136232,137286,136105,136512,13881800
2025-05-12,136516,137519,136356,136563,10915800
2025-05-13,136565,139419,136550,138963,13071200
2025-05-14,138965,139362,138228,138423,11155300
2025-05-15,138425,139408,138321,139334,11500800
2025-05-16,139335,139335,137713,139187,12106000
2025-05-19,139186,140203,138587,139636,9590600
2025-05-20,139636,140244,138966,140110,9650800
2025-05-21,140109,140109,137538,137881,10150400
2025-05-22,137881,138837,137088,137273,13223200
2025-05-23,137273,137824,134997,137824,10682600
2025-05-26,137824,138800,137795,138136,5553800
2025-05-27,138136,140382,138136,139541,11187800
2025-05-28,139541,139547,138580,138888,9735000
2025-05-29,138869,139108,137993,138534,8826400
2025-05-30,138546,138637,136726,137027,15141600
2025-06-02,137026,138471,136483,136787,9100100
2025-06-03,136787,137672,136175,137546,9696700
2025-06-04,137547,138797,136695,137002,10199100
2025-06-05,137003,137451,136031,136236,9484500
2025-06-06,136236,136890,135601,136102,9119300
2025-06-09,136102,136106,134119,135699,7763800
2025-06-10,135716,137369,135716,136436,8186500
2025-06-11,136443,137531,135628,137128,8767100
2025-06-12,137127,137931,136175,137800,7124600
2025-06-13,137800,137800,136586,137213,8628300
2025-06-16,137212,139988,137212,139256,7620500
2025-06-17,139256,139497,138293,138840,8377000
2025-06-18,138844,139161,138443,138717,8323400
2025-06-20,138715,138719,136815,137116,11289300
2025-06-23,137116,137130,135835,136551,7727800
2025-06-24,136552,138156,136254,137165,8083700
2025-06-25,137163,137163,135565,135767,7705700
2025-06-26,135767,137353,135756,137114,8023300
2025-06-27,137113,137209,136469,136866,6244500
2025-06-30,136865,139103,136430,138855,7680300
2025-07-01,138855,139695,138855,139549,6345700
2025-07-02,139586,140049,138384,139051,8811900
2025-07-03,139051,141304,139051,140928,6082200
2025-07-04,140928,141537,140597,141478,2114300
2025-07-07,141265,141342,139295,139490,6117300
2025-07-08,139491,139591,138770,139303,6750100
2025-07-09,139303,139331,137299,137481,7584500
2025-07-10,137472,137472,136015,136743,9566200
2025-07-11,136742,136742,135528,136187,7401900
2025-07-14,136187,136187,134840,135299,7325600
2025-07-15,135298,136022,134380,135250,6904200
2025-07-16,135250,135641,134265,135511,7833200
2025-07-17,135515,135793,135016,135565,6800000
2025-07-18,135563,135563,133296,133382,10071800
2025-07-21,133382,134865,133367,134167,6726700
2025-07-22,134180,135300,133986,134036,7052100
2025-07-23,134036,135782,133676,135368,6527600
2025-07-24,135357,135363,133648,133808,5976800
2025-07-25,133820,134204,133285,133524,5560900
2025-07-28,133538,133902,131550,132129,6625600
2025-07-29,132130,133346,132130,132726,6324800
2025-07-30,132702,134368,131883,133990,8655300
2025-07-31,133987,133987,132096,133071,9196800
2025-08-01,132920,133237,132140,132437,8497100
2025-08-04,132440,133929,132440,132971,6136600
2025-08-05,132971,134233,132682,133151,6606300
2025-08-06,133169,135241,133169,134538,8681700
2025-08-07,134538,137007,134534,136528,9501000
2025-08-08,136526,136761,135659,135913,9890600
2025-08-11,135913,136307,135496,135623,6947300
2025-08-12,135629,138414,135629,137914,8342100
2025-08-13,137911,137913,136535,136687,9398500
2025-08-14,136681,137437,135588,136356,9667800
2025-08-15,136354,136431,135583,136341,9291000
2025-08-18,136341,137902,136341,137322,8089900
2025-08-19,137321,137321,133997,134432,8684100
2025-08-20,134431,134964,134122,134667,6845000
2025-08-21,134664,134837,133874,134511,6516300
2025-08-22,134512,138072,134512,137968,9315600
2025-08-25,137971,138890,137971,138025,5991700
2025-08-26,138026,138037,137059,137771,8453400
2025-08-27,137773,139281,137456,139206,6609100
2025-08-28,139206,142138,139206,141049,9294800
2025-08-29,141049,142379,141000,141422,9333200
2025-09-01,141423,141950,140878,141125,3388000
2025-09-02,141279,141279,139625,140335,8785200
2025-09-03,140332,140496,139582,139864,7579800
2025-09-04,139832,141482,139832,140993,8032400
2025-09-05,141004,143409,141004,142640,8379400
2025-09-08,142640,143089,141329,141792,7440900
2025-09-09,141794,142286,141606,141618,7481900
2025-09-10,141612,143182,141612,142349,7138700
2025-09-11,142349,144013,142349,143151,7570400
2025-09-12,143151,143202,142241,142272,6388600
2025-09-15,142292,144194,142292,143547,6614000
2025-09-16,143547,144584,143547,144062,8478200
2025-09-17,144059,146331,143910,145594,9604400
2025-09-18,145594,145726,144993,145500,8372000
2025-09-19,145500,146399,145496,145865,10279800
2025-09-22,145864,145864,144117,145109,9428100
2025-09-23,145112,147179,145107,146425,8143800
2025-09-24,146426,146585,146067,146492,7292900
2025-09-25,146492,146519,145187,145306,8293800
2025-09-26,145326,146235,145146,145447,6338200
2025-09-29,145447,147558,145447,146337,7074100
2025-09-30,146337,147578,145774,146237,9477300
2025-10-01,146237,146879,145193,145517,8340700
2025-10-02,145517,145621,143635,143950,7245600
2025-10-03,143950,144518,143676,144201,6177600
2025-10-06,144202,144532,143376,143608,5981500
2025-10-07,143606,143606,141035,141356,9272700
2025-10-08,141356,142385,141356,142145,7525200
2025-10-09,142148,143212,141603,141708,6821400
2025-10-10,141725,142274,140231,140680,8280800
2025-10-13,140682,142303,140682,141783,5531200
2025-10-14,141788,142589,141334,141683,7122300
2025-10-15,141683,142905,141154,142604,10321000
2025-10-16,142604,143191,141446,142200,7391900
2025-10-17,142200,143425,141248,143399,8875100
2025-10-20,143399,145216,143396,144509,6793400
2025-10-21,144509,144795,143829,144085,6193200
2025-10-22,144094,145048,144039,144873,7025000
2025-10-23,144881,146358,144881,145721,6599600
2025-10-24,145721,147240,145721,146172,6491300
2025-10-27,146174,147977,146174,146969,6445200
2025-10-28,146970,147811,146575,147429,7108000
2025-10-29,147430,149067,147430,148633,7999500
2025-10-30,148632,149234,147547,148780,7300600
2025-10-31,148774,149636,148774,149540,8911000
2025-11-03,149551,150761,149551,150454,7667600
2025-11-04,150454,150888,149979,150704,7541200
2025-11-05,150709,153583,150296,153294,9803000
2025-11-06,153297,154352,153235,153339,9387600
2025-11-07,153339,154066,152368,154064,9474100
2025-11-10,154061,155601,154058,155257,7751600
2025-11-11,155257,158467,155252,157749,12876000
2025-11-12,157749,158134,156560,157633,11226600
2025-11-13,157633,158319,156509,157162,10560800
2025-11-14,157162,158366,156656,157739,7977300
2025-11-17,157742,157901,156568,156993,8419200
2025-11-18,156990,157040,155834,156522,8723000
2025-11-19,156522,156522,155212,155381,8815200
2025-11-21,155381,155387,153571,154770,7848000
2025-11-24,154769,155832,154529,155278,9277600
2025-11-25,155278,156373,154821,155910,6929400
2025-11-26,155915,158714,155914,158555,8596500
2025-11-27,158554,158864,158167,158292,3121400
2025-11-28,158358,159689,158078,159072,8017000
2025-12-01,159074,159224,158030,158611,7504300
2025-12-02,158612,161092,158612,161092,8430000
2025-12-03,161094,161964,161093,161755,8292000
2025-12-04,161760,164551,161759,164456,10592300
2025-12-05,164461,165036,157007,157369,14529000
2025-12-08,157369,159235,157369,158187,9024100
2025-12-09,158187,158851,155188,157981,8703800
2025-12-10,157984,159691,157628,159075,8239900
2025-12-11,159072,159850,158098,159189,7018000
2025-12-12,159189,161263,159189,160766,7671200
2025-12-15,160766,163073,160766,162482,8229000
2025-12-16,162482,162482,158558,158578,9920300
2025-12-17,158578,158611,156351,157327,11344300
2025-12-18,157327,158496,157124,157923,7800100
2025-12-19,157928,159552,157906,158473,9946500
2025-12-22,158480,158634,157306,158142,8424000
2025-12-23,158144,160456,158144,160456,6569800
2025-12-26,160456,160913,159359,160897,4790000
2025-12-29,160897,161133,159702,160490,5605600
2025-12-30,160491,162075,160491,161125,5870100
2026-01-02,161124,161957,160059,160539,7459400
2026-01-05,160542,162166,160215,161870,7985200
2026-01-06,161870,164135,161870,163664,8412600
2026-01-07,163661,163661,161746,161975,8846600
2026-01-08,161975,162937,161748,162937,8607700
2026-01-09,162938,164263,162638,163370,8301300
2026-01-12,163370,163493,162277,163150,6896600
2026-01-13,163146,163146,161765,161973,9668600
2026-01-14,161974,165147,161974,165146,9928900
2026-01-15,165180,166070,164833,165568,9406500
2026-01-16,165557,165872,164100,164800,11489200
2026-01-19,164800,165155,164265,164849,4804300
2026-01-20,164846,166468,163575,166277,8369200
2026-01-21,166278,171969,166278,171817,14067700
2026-01-22,171817,177742,171817,175589,14023500
2026-01-23,175590,180532,175590,178859,11778000
2026-01-26,178859,179543,177694,178721,9569200
2026-01-27,178853,183360,178853,181919,11340800
2026-01-28,181921,185065,181921,184691,11856200
2026-01-29,184692,186450,181567,183134,12945700
2026-01-30,183133,183620,180089,181364,11105300
2026-02-02,181369,182890,181348,182793,8740500
2026-02-03,182816,187334,182816,185674,10758800
2026-02-04,185671,185671,180269,181708,10728100
2026-02-05,181709,184017,181569,182127,9832100
2026-02-06,182128,183262,181391,182950,9896700
2026-02-09,182950,186460,182950,186241,8921800
2026-02-10,186241,186959,185083,185929,10298000
2026-02-11,185936,190561,185936,189699,11642200
2026-02-12,189694,189990,186959,187766,12361300
2026-02-13,187766,187766,183662,186464,11594000
2026-02-18,186464,187657,185001,186016,7790700
2026-02-19,186020,188687,185928,188534,9228700
2026-02-20,188531,190727,186700,190534,9988100
2026-02-23,190532,191003,188526,188854,9901300
2026-02-24,188855,191781,188855,191490,11037300
2026-02-25,191491,192624,190419,191248,9134900
2026-02-26,191248,191978,188977,191005,8797400
2026-02-27,191005,191005,188478,188787,11002300
2026-03-02,188786,190110,186638,189307,9090200
2026-03-03,189284,189602,180518,183105,14367500
2026-03-04,183110,186306,183110,185366,9113300
2026-03-05,185365,185366,179895,180464,10596200
2026-03-06,180463,181091,178557,179365,9918300
2026-03-09,179367,181952,177637,180915,11419300
2026-03-10,180921,185324,180693,183447,10083000
2026-03-11,183446,185714,182021,183969,8956100
2026-03-12,183969,183992,178495,179285,12075300
2026-03-13,179285,180996,177322,177653,9525600
2026-03-16,177656,181255,177656,179875,7370100
2026-03-17,179882,182800,179850,180410,9332600
2026-03-18,180409,181551,179576,179640,9750200
2026-03-19,179624,181251,176296,180271,12560400
2026-03-20,180262,180305,175039,176219,15348900
2026-03-23,176221,182973,176221,181932,9874700
2026-03-24,181932,182649,179915,182509,7563900
2026-03-25,182529,186401,182524,185424,9074000
2026-03-26,185424,185424,182570,182733,7806700
2026-03-27,182733,183351,180976,181557,8073000
2026-03-30,181561,184414,181560,182514,7704600
2026-03-31,182515,187508,182515,187462,11389100
2026-04-01,187463,189131,187256,187953,10556000
2026-04-02,187923,189251,185214,188052,7082900
2026-04-06,188054,189220,187811,188162,5697600
2026-04-07,188162,188259,185885,188259,8753200
2026-04-08,188261,193759,188260,192201,12594000
2026-04-09,192206,195514,192206,195129,9382900
2026-04-10,195130,197554,195129,197324,9661000
2026-04-13,197324,198173,196223,198001,9947000
2026-04-14,198002,199355,198002,198657,9222400
2026-04-15,198657,199233,196966,197738,10709900
2026-04-16,197738,198587,196354,196819,9286300
2026-04-17,196819,198666,195368,195734,12187300
2026-04-20,195734,196724,195282,196132,6767400
2026-04-22,196132,196132,192687,192889,8398100
2026-04-23,192889,193347,190930,191378,7763400
2026-04-24,191378,191390,189963,190745,7223800
2026-04-27,190745,191340,189579,189579,6663800
2026-04-28,189579,189579,187237,188619,7511500
2026-04-29,188619,188710,184504,184750,9054900
2026-04-30,184759,187921,184759,187318,8991200
2026-05-04,187318,187666,185538,185600,7544200
2026-05-05,185597,187428,185364,186754,8631700
2026-05-06,186762,188674,186762,187691,8844600
2026-05-07,187690,187779,182868,183218,9643100
2026-05-08,183222,185585,183217,184108,9214400
2026-05-11,184103,184530,181615,181909,8780300
2026-05-12,181897,181897,179939,180342,9056000
2026-05-13,180342,180513,176787,177098,12621300
2026-05-14,177104,179476,177104,178366,9295700
2026-05-15,178341,178341,175417,177284,9772200
2026-05-18,177281,177330,175811,176976,7367400
2026-05-19,176973,176973,173544,174279,9086100
2026-05-20,174279,178199,174279,177356,9365700
2026-05-21,177352,178547,175805,177650,7354500
2026-05-22,177649,177649,174893,176210,6760900
