ano,receita,ebitda,margem_ebitda,capex,fcff,fcff_descontado
2026,25.725,8.875125,0.345,-3.34425,3.1833094999999996,2.7971824409351758
2027,26.9598,9.247211400000001,0.343,-3.6395730000000004,3.1937114159999997,2.465923087151872
2028,28.172991,9.578816940000001,0.34,-3.803353785,3.2824176575400004,2.2269969602083806
2029,29.384429613,9.99070606842,0.34,-4.11382014582,3.3071507829544795,1.9716131594493378
2030,30.55980679752,10.390334311156801,0.34,-4.2783729516528,3.4402820040026594,1.8022028978792228
2031,31.721079455825762,10.721724856069109,0.338,-4.440951123815607,3.5297285838653303,1.6247736974698128
2032,32.89475939569132,11.019744397556591,0.335,-4.6052663153967845,3.5955025159328544,1.4542969490220623
2033,34.0789707339362,11.416455195868629,0.335,-4.771055902751069,3.725257817300995,1.3240115045285032
2034,35.27173470962396,11.81603112772403,0.335,-4.938042859347355,3.8559707885004864,1.2042345612873453
